"id","word","signification"
1,"ABORT","Cease action or terminate the attack prior to weapons release or event or mission"
2,"ALPHA CHECK","* Request for confirmation of bearing and range from aircraft to described point"
3,"ANCHOR [location]","1. Orbit about a specific point.                                                                                                                                                                                            2. Refueling track flown by tanker."
4,"ANCHORED [location]","* [A/A] Turning engagement at the specified location"
5,"ANGELS","Height of FRIENDLY aircraft in thousands of feet from mean sea level (MSL)."
6,"ANYFACE","FRIENDLY command and control (C2) agency when call sign is not known."
7,"ARIZONA","[A/S] [EW] No anti-radiation missile ordnance remaining."
8,"[direction] ARM","* [A/A] [AIR-MAR] CONTACT(S) within a single GROUP that maneuvers outside of the GROUP criteria"
9,"AS FRAGGED","* Unit or element will be performing exactly as briefed or scheduled."
10,"ASLEEP","** [EW] No longer detecting land or surface emitter activity via communications intelligence. Opposite of AWAKE."
11,"ATTACK","* [A/S] An informative call indicating aircraft are committed to air-to-surface delivery on a specific ground target."
12,"AUTHENTICATE","A coded challenge or a response to a coded challenge."
13,"AUTOCAT","Any communications relay using automatic retransmissions"
14,"AVALANCHE","** [A/A] [AIR-MAR] Informatory call indicating friendly forces require reinforcement in a specific location"
15,"AWAKE","** [EW] Land or surface emitter activity detected via communications intelligence. Opposite of ASLEEP"
16,"  AWAY","A/S] [S/A] Release or launch of specified weapon at designated target (e.g., 1 AWAY, 2 PIGS AWAY, BIRDS AWAY, etc.). At minimum number or weapon type required."
17,"AZIMUTH","[A/A] [AIR-MAR] A picture label describing two GROUPs separated laterally. GROUP names will be referenced by cardinal directions (e.g., NORTH GROUP, SOUTH GROUP, or EAST GROUP, WEST GROUP). 2. ** [S/A] Direction to the threat."
18,"BAD MAP","A/S] Informative call that the displayed map is unusable due to the following: (U) Terrain - informative call that shadows obstruct the target area and a map must be taken from a different axis or graze angle. (U) Image - informative call that the displayed image quality prevents target identification (ID)."
19,"BANDIT","A/A] [AIR-MAR] Positively identified as an enemy IAW theater ID criteria. The term does not imply direction or authority to engage. * [SO] A SUSPECT whose orbital parameters are such that it may become a collection and/or counterspace concern to a spacecraft in the relative near-term, therefore limiting decision space."
20,"BANZAI","* [A/A] Execute(ing) launch and decide tactics with the intent to maneuver into the visual arena"
21,"BASE [+/- number","Reference number used to indicate such information as headings, altitude, fuels,"
22,"BAY","* [EW] Carry out deception plan indicated or IAW previous orders."
23,"BEAD WINDOW","* Last transmission potentially disclosed unauthorized information."
24,"BEAM [direction]","[A/A] CONTACT stabilized within 70 to 110 degrees of aspect."
25,"BEAM RIDER [direction]","** [A/A] [A/S] Potential JAMMER along the stated azimuth from a ground unit or aircraft stated from the unit or aircraft’s location. Usually followed by a request to search using an alternate radar source"
26,"BENT","System indicated is inoperative. Cancelled by SWEET."
27,"BIG STICK","** [S/A] FRIENDLY long-range surface_x0002_to-air missile(s) (SAM(s)). Modifiers include: AWAY, NEGATE, AFFIRM"
28,"BINGO","* Pre-briefed fuel state needed for recovery."
29,"BIRD(S)","[S/A] FRIENDLY SAM(s). Modifiers include: AWAY, NEGATE, AFFIRM."
30,"BIRDDOG","Call to configure sensors IAW mission planning/brief."
31,"BITTERSWEET","* Notification of potential for blue-on_x0002_blue (fratricide) or blue-on-neutral situation."
32,"BLANK","* [SO] Signal is on the air with zero content"
33,"BLIND","No visual contact with FRIENDLY aircraft, ship or ground position. Opposite of VISUAL."
34,"BLOCK","MAR-MAR] An inherently defensive tactic used to force a vessel to alter course away from the defended asset or stop its closure. It is accomplished by maneuvering a unit directly in front of the closing vessel and maintaining position. The possibility of collision exists, depending on the intent of the closing vessel."
35,"BLOTTER","* [EW] electronic countermeasure receiver."
36,"BLOW THROUGH","A/A] Directive call to continue straight ahead at the MERGE and do not become ANCHORED with target(s)."
37,"BLOWING THROUGH","A/A] Informative call that the intercepting aircraft is dropping targeting responsibility and commencing a BLOW THROUGH."
38,"BLUR","Radar being jammed."
39,"BOGEY","A/A] [S/A] [SO] A CONTACT whose identity is unknown"
40,"BOGEY DOPE","A/A] [S/A] Request for information on indicated or closest GROUP in BRAA format (with appropriate fill-ins)."
41,"BOOSTER","** [S/A] Track identified as a separated booster phase component of a ballistic missile."
42,"BOX","A/A] [AIR-MAR] Picture label with GROUPs in a square or offset square."
43,"BUMP","* [SO] Change power, plus or minus, from current power"
44,"BRAA","[A/A] [S/A] 1. The following information is in a tactical control format providing target bearing, range, altitude, and aspect (BRAA) relative to the specified FRIENDLY aircraft.                                                                                                                                                             2. * Switch to BRAA format to a specific GROUP or CONTACT."
45,"BRACKET [direction]","[A/A] [A/S] Maneuver to a position on opposite sides, either laterally or vertically from the target."
46,"BREAK [direction]","A/A] Perform an immediate maximum performance turn in the indicated direction (default is a 180-degree turn)."
47,"BREAK AWAY","Tanker or receiver call indicating immediate vertical and nose-to-tail separation between tanker and receiver is required."
48,"BROKEN SPUR","** [A/S] Helicopter buddy or self-extraction is not possible"
49,"BROWNING","** [S/A] Surface-to-air missile platform has reached low missile state."
50,"BRUISER","[AIR-MAR] FRIENDLY air launched anti_x0002_ship missile."
51,"BUCKET","C2 is experiencing radar electronic deceptive jamming in a specified geographic area."
52,"BUDDY [LASE or GUIDE]","* [A/S] Request or informative communications to have weapon guidance from a source other than delivering aircraft"
53,"BUDDY LOCK [position, heading, altitude]","[A/A] Radar locked to a known FRIENDLY aircraft. Normally a response to a SPIKED or BUDDY SPIKE calls."
54,"BUDDY SPIKE [position or heading or altitude]","[A/A] FRIENDLY system radar lock-on indication on radar warning receiver."
55,"BUGOUT [direction]","A/A] [A/S] [AIR-MAR] Separation from a particular engagement or attack or operation with no intent to reengage or return."
56,"BULLDOG","* [S/S] FRIENDLY surface or submarine launched anti-ship missile."
57,"BULLRING","AIR-MAR] Maritime aircraft patrol zone."
58,"BULLSEYE","An established reference point from which the position of an object can be referenced by bearing (magnetic) and range (nautical miles) from this point."
59,"BUSTER","Fly at maximum continuous speed (military power)."
60,"BUTTON","Radio channel setting"
61,"BUZZER","** [EW] Electronic communications jamming."
62,"BUZZSAW","** [A/S] A chemical light-stick tied to a string and swung overhead; used to mark a FRIENDLY position."
63,"CANDYGRAM","[EW] Informative call that EW targeting information is available on a briefed secure net"
64,"CANYON","EW] Use electronic jamming on radar frequency indicated or IAW previous orders or informative call for execution electronic attack (EA) list or EA against designated group."
65,"CAP(ING) [location]","1. [A/A] Establish a combat air patrol at a specified point, used prior to committing forces in support of a defensive operation. 2. [A/A] Informative call that an aircraft is established in an orbit."
66,"target or object] CAPTURED","[A/S] Specified surface target or object has been acquired and is being tracked with an onboard sensor."
67,"CATALOG","** [A/A] [A/S] [AIR-MAR] A directive call to record a potential target’s; description, location, and elevation information on a potential target."
68,"CEASE [activity]","** Discontinue stated activity; e.g., CEASE BUZZER, CEASE LASER, CEASE SPARKLE, CEASE TORCH, etc"
69,"CEASE ENGAGEMENT","* A fire control order used to direct air defense units to stop tactical action against a specified target. Missiles in flight will continue to intercept."
70,"CEASE FIRE","Stop firing, do not open fire. Missiles in flight will continue to intercept; continue to track."
71,"CHAMELEON","* [SO] An EW target identified as operating on a known frequency with changes to external parameters. The term does not imply direction or authority to engage."
72,"CHAMPAGNE","[A/A] [AIR-MAR] A picture label of three distinct GROUPs with two in front and one behind. GROUP names should be NORTH LEAD GROUP and SOUTH LEAD GROUP or WEST LEAD GROUP and EAST LEAD GROUP and TRAIL GROUP."
73,"CHARLIE","1. [AIR-MAR] The expected landing time on the ship.                                                                                                                                                2. [AIR-MAR] Directive to land aircraft on ship.                                                                                                                                                             3. [AIR-MAR] (time in minutes) An advisory call modifying or delaying the briefed recovery time (e.g., CHARLIE ten)"
74,"CHATTERMARK","Begin using briefed communication procedures to counter communications jamming. If no modifier specified, “radio” is understood. CHEAPSHOT * [A/A] Active missile dat"
75,"CHEAPSHOT","* [A/A] Active missile data link terminated between high and medium pulse repetition frequency (MPRF) active."
76,"CHECK","[A/A] Turn (number) degrees left or right and maintain new heading."
77,"CHECK CAPTURE","Target appears to be no longer tracked by sensor"
78,"CHECK DATA","Reference specified medium for message traffic"
79,"CHECK FIRE","** [S/S] [A/S] Immediate pause of direct or indirect fires. May require coordination to continue."
80,"CHECK FOCUS","Sensor image appears to be out of focus."
81,"CHECK SOLUTION","[S/S] Order sent by the spotter for the ship to check the fire control solution when an excessive initial or salvo-to_x0002_salvo error is obse"
82,"CHECKPRINT","1. [AIR-MAR] Request by an air defense commander for unit(s) to provide amplifying information on a specified track.          2. [AIR-MAR] Reply or informative to air defense commander followed by positive track information using format specified in applicable operation task document"
83,"CHECK TIDS","** Directive or descriptive call to reference data link display and may be followed by amplifying information."
84,"CHERRY","* [A/S] [S/A] [A/A] Informative call from intelligence, surveillance, and reconnaissance (ISR) or CAS platform to the inbound aircraft that the landing zone (LZ)/helicopter landing zone (HLZ)/drop zone (DZ) has enemy activity above the pre-briefed risk tolerance of the ground force commander (GFC). Opposite of and cancels ICE"
85,"CHERUBS","Height of a FRIENDLY aircraft in hundreds of feet above surface."
86,"CHICK","* Term used to denote FRIENDLY aircraft"
87,"CLAM","1. * [EW] Cease emissions on specified equipment.                                                                                                                                                   2. [EW] Directive or informative call that jamming has stopped on current assignment. Assumed when COLD."
88,"CLEAN","1. * [A/A] No sensor information on a GROUP of interest.                                                                                                                                          2. No visible battle damage.                                                                                                                                                                                                        3. Aircraft not carrying external stores."
89,"CLEARED","Requested action is authorized"
90,"CLEARED HOT","1. [A/S] Type 1 and 2 CAS terminal attack control when granting weapons release clearance to an aircraft attacking a specific target."
91,"CLEARED TO ENGAGE","1. ** [A/S] Term used by a joint terminal attack controller (JTAC)/forward air controller (airborne) (FAC(A)) during Type 3 control, granting a weapons release clearance to an aircraft or flight to attack a target or targets within the parameters prescribed by the JTAC/FAC(A).                                                                                                                                                                                                       2. ** [A/A] [A/S] Clearance to fire on designated GROUP or target."
92,"CLIFF","* [EW] Jamming signa"
93,"CLOAK(ING)","** Switch(ing) from normal or overt external lighting to covert night-vision device only compatible lighting"
94,"CLOSING","[A/A] Decreasing separation."
95,"CLOVER [left or right]","** [A/S] Rotary wing directive call to establish clover patterns in stated direction ("
96,"CLUSTER","** [S/A] Multiple ballistic missile objects within a small volume of space."
97,"COLD","1. [A/A] Initiate(ing) a turn in the combat air patrol away from the anticipated threats.                                                                                 2. * [A/S] Defined area is not expected to receive fire (enemy or FRIENDLY).                                                                                                            3. [A/A] Intercept geometry will result in a pass or roll out behind the target.                                                                                                        4. * [A/A] Contact aspect stabilized 0– 20 degrees from the tail or 160–180 degrees from the nose.                                                                5. [A/S] Contact aspect stabilized 0-20 degrees or 160-180 degrees from referenced position (friendly forward operating base, named area of interest (NAI), target area, etc.).                                                                                                                                                      6. [AIR-MAR] Contact aspect stabilized 0-20 degrees from stern or 160-180 degrees from bow"
98,"COLOR","[EW] Request for information on a type (system) at stated location; implies a request for ambiguity resolution. May be used with data link data message"
99,"COMEBACK","Directive call to reverse course"
100,"COME OFF","1. [A/A] Maneuver as indicated to either regain mutual support or to deconflict flight paths. Implies both VISUAL and TALLY. 2. [A/S] Maneuver or execute a specific instruction."
101,"COMMIT","1. * [A/A] [S/A] Intercept the GROUP(S) of interest.                                                                                                                                                   2. * [A/A] Set briefed intercept geometry."
102,"CONFIDENCE [level]","* Confidence indication IAW operational directives."
103,"CONS/CONNING","[A/A] Aircraft producing contrails"
104,"CONTACT(S)","1. Sensor information at the stated position.                                                                                                                                                                            2. [A/S] Acknowledges sighting of a specified reference point (either visually or via sensor).                                                                        3. [A/A] Individual radar return within a GROUP or ARM"
105,"CONTAINER","[A/A] [AIR-MAR] Inner GROUP formation with four CONTACTs oriented in a square or offset square."
106,"CONTINUE","Continue present maneuver, does not imply a change in clearance to engage or expend ordnance"
107,"COVER","1. [A/A] [S/A] Assign surface-to-air weapons or establish an air-to-air posture that will allow engagement of a specified track or threat if required.                                                                                                                                                                                                       2. [A/S] [AIR-MAR] Directive call to be ready for reattack/re-engage if weapons effects not achieved.                                              3. [SO] Assign weapons or establish posture that will allow engagement of a specified track or threat if required."
108,"COVEY","** [S/A] Two or more QUAIL."
109,"CRANK [direction]","* [A/A] Maneuver in the direction indicated. Implies illuminating target at or near radar GIMBAL limits"
110,"CRATER [location]","** [S/S] Expected threat ballistic missile impact point."
111,"CREEP","* [SO] [EW] Characterize signal."
112,"CRISS CROSS","* [EW] A position or track derived from the plotting of direction finding bearings."
113,"CROSSING","[A/A] Two GROUPs initially separated in azimuth decreasing azimuth separation to pass each other."
114,"CROW(S)","Detainees or prisoners"
115,"CRUISE","Return to cruise speed (after BUSTER or GATE)."
116,"CURVE","[EW] Deception signal."
117,"CUTOFF [direction]","[A/A] Request(s) for, or directive(s) to, intercept using cutoff geometry."
118,"DAISY","* [SO] [EW] Notification that signal characteristics are within validated parameters"
119,"DARK STAR","[S/S] An illumination round that fails to properly ignite or deploy its parachute."
120,"DASH [number]","Aircraft position within a flight. Use if specific call sign is unknown"
121,"DATA [object, position","Data link message concerning object at stated location."
122,"(weapon) DAZZLE (ON/OFF)","Suppressive non-lethal fire on a target to degrade sensor performance below the level needed to fulfill its mission objectives."
123,"DEADEYE","Laser designator system inoperative."
124,"DECLARE","* [A/A] [S/A] [AIR-MAR] Inquiry as to the ID of a specified track(s), target(s), or correlated GROUP. Responses include: FRIENDLY, BOGEY, BANDIT, HOSTILE, NEUTRAL, UNABLE, CLEAN, or FURBALL. Full positional data (BULLSEYE) must accompany responses"
125,"DECLUTTER","A/S] Request for the pilot or operator to remove targeting symbology to allow the user to see a better picture of the target area."
126,"DEEP","[A/A] [AIR-MAR] Indicates separation between the nearest and farthest GROUPs in range in a relative formation of three or more GROUPs, used to describe a LADDER, VIC, CHAMPAGNE, or BOX"
127,"DEFENDING [direction]","[A/A] [A/S] Aircraft is in a defensive position and maneuvering with reference to a SAM threat"
128,"DEFENSIVE","A/A] [A/S] Aircraft is under attack, maneuvering defensively, and unable to ensure deconfliction or mutual support."
129,"DELOUSE","[A/A] [S/A] [SO] Detect, identify, and engage (if required) unknown platform trailing FRIENDLY platform."
130,"DELTA [altitude] [position]","AIR-MAR] Hold and conserve fuel at altitude and position indicated during shipboard operations."
131,"DEPLOY","[A/A] [SO] Maneuver to brief positioning"
132,"DETAILS","[A/S] [AIR-MAR] Request for attack or execution brief."
133,"DIAMONDS [with position]","A surface infrared (IR) event location"
134,"DIRT","** [S/A] Radar warning receiver indication of surface threat in search mode. See MUD and SINGER."
135,"DIRTY","1. Link is not encrypted.                                                                                                                                                                                                                   2. ** [A/A] Aircraft in landing configuration.                                                                                                                                                                                3. ** [A/A] Aircraft equipped with external stores"
136,"DIVERT","Proceed to alternate base"
137,"DOG [status]","[A/A] [S/A] Air towed decoy.                                                                                                                                                                                                          ** (COLLARED): Decoy is retracted.                                                                                                                                                                                                   ** (LEASHED): Decoy is extended.                                                                                                                                                                                                                     ** (SNIPPED): Decoy is severed from aircraft"
138,"DONORIZE","** Aircraft data has been input into the host aircraft as a flight, team, or donor to enable target and/or data sharing among tactical data link participants"
139,"DOWN","[EW] Referenced emitter has stopped radiating at the stated location or along the stated bearing."
140,"DRAG","* [A/A] Contact aspect stabilized at 0– 60 degrees angle from tail or 120–180 degrees angle from nose."
141,"DROP(PING)","1. [A/A] [A/S] Stop or stopping monitoring of specified emitter or target or GROUP and resume(ing) search responsibilities. 2. (TRACK number) Remove the emitter or target from tactical picture or track stores.                                                                                      3. [EW] Remove a specific system or EOB category from search responsibilities."
142,"DUFFER","[EW] Direction finding equipped unit."
143,"DUST","** [S/A] Launch or post intercept debris from a ballistic missile. Location given in digital BULLSEYE format."
144,"ECHELON","[A/A] [AIR-MAR] Fill-in to a picture label describing GROUPs aligned behind and to the side of the closest GROUP."
145,"ECHO","[A/A] Positive System M or Mode X (or comparable systems) reply"
146,"ELEVATOR","A/A] Directive or request call to change altitude to the requested altitude in thousands of feet MSL"
147,"EMPTY","EW] No emitters of interest detected."
148,"ENGAGE","[A/S] [S/A] A fire control order used to direct or authorize units and/or weapon systems to fire on a designated target"
149,"ENGAGED","[A/A] Call from an aircraft maneuvering in the visual arena to relinquish deconfliction responsibilities."
150,"ENGAGEMENT COMPLETE","[A/S] Mandatory call from the attack aircraft to the JTAC or forward air controller during Type 3 CAS terminal control indicating completion of ordnance release. See also CLEARED TO ENGAGE"
151,"EXTEND","[A/A] [A/S] Short-term maneuver to gain energy, distance, or separation with the intent of reengaging."
152,"EYEBALL","1. [A/A] Fighter with primary visual ID responsibility.                                                                                                                                                              2. [A/A] Electro-optical (EO), IR, or night vision device acquisition of an aircraft. Normally followed by number of aircraft observed (if more than one)"
153,"EYEBALL NARROW","** [A/A] EO or IR contacts are viewed in narrow field of view (FOV) and are too close for resolution via radar."
154,"FADED","[A/A] [S/A] [AIR-MAR] Sensor data is lost on GROUP or CONTACT. Requires information of last known position to include number of CONTACTS and TRACK direction"
155,"FALCON(S)","Partner nation forces"
156,"FAKER","[A/A] [AIR-MAR] A FRIENDLY track acting as a HOSTILE for exercise purposes."
157,"FAN __ TACK __","* [EW] Left and right hand edges of jammed sector are___and___."
158,"FARM","** [A/S] Helicopter status of fuel (expressed in PLAYTIME), ammunition, rocket, and missile"
159,"FAST","A/A] Target speed of 600–900 knots ground speed or Mach 1.0 to 1.5."
160,"FATHER","* [AIR-MAR] Surface tactical air navigation station."
161,"FEELER","* [EW] Shipborne fire control radar."
162,"FEET WET/DRY","Flying over water or land"
163,"FENCE [IN/OUT]","Set cockpit switches as appropriate before entering or exiting the combat area"
164,"FERRET","[EW] Airborne electronic reconnaissance activity or aircraft."
165,"FIREBALL","** [S/S] Threat ballistic missile. May be short, medium, intermediate, or intercontinental ballistic missile"
166,"FLANK [direction]","* [A/A] CONTACT aspect stabilized at 120–150 degrees angle from tail or 30–60 degrees angle from nose"
167,"FLASH [system]","1. [A/A] Temporarily activate specified system for ID purposes (identification, friend or foe (IFF), or afterburner, flare or chaff, etc.).                                                                                                                                                                                                                                          2. ** [A/S] [S/S] Clear the net immediately, critical information to follow (e.g., “FLASH, FLASH, FLASH this is Frontier 6, immediate MEDEVAC, grid to follow.”)"
168,"FLASHLIGHT","[A/S] [AIR-MAR] Directive term for helicopter to turn on IR floodlight (pointed at ground to aid visual acquisition by escort aircraft)."
169,"FLAVOR","Visually identified nationality of a CONTACT"
170,"FLOAT(ING)","[A/A] Expand(ing) the formation laterally within visual limits to maintain radar contact or prepare for a defensive response"
171,"FLOW [direction or heading]","[A/A] Maneuver in stated direction or heading. Can be used to begin cold operations"
172,"FLY-BY","** [A/S] [AIR-MAR] Aircraft will conduct low altitude pass abeam or overhead the vessel or location. See THUMP, PEPPER."
173,"FOREST","** Variable message format network"
174,"FOX [number]","[A/A] Simulated or actual launch of air_x0002_to-air weapons. (ONE): Semi active radar-guided missile. (TWO): IR-guided missile. (THREE): Active radar-guided missile"
175,"FOX MIKE","Very high frequency (VHF)/frequency modulation (FM) radio."
176,"FOX THREE/TWO/ONE [number] SHIP","[A/A] Simulated or actual missile launch against separate targets (assumes one missile per target) (e.g., “SWORD 12, FOX THREE 2 SHIP”). When 2nd prefix is used indicates simulated or actual launch of multiple missiles on the same target."
177,"FRIENDLY","** A positively identified FRIENDLY aircraft, ship, spacecraft, or ground position"
178,"FUEL STATE","Aircraft fuel quantity, expressed in time or pounds, remaining until BINGO. FUEL STATE can be used as request for information. “FUEL STATE [time or pounds]” represents current status of platform"
179,"FULL","** [S/A] Weapons system cannot support additional engagements due to reaching maximum allowable missiles away limit"
180,"FURBALL","[A/A] Non-FRIENDLY aircraft and FRIENDLY aircraft are inside of 5 nautical miles of each other. Can be response to a DECLARE request. * [SO] Spacecraft are so close together that off-board sensors cannot distinguish relative positions."
181,"FUZZY","[SO] [EW] Degradation of signal is occurring"
182,"GADABOUT","* Upper limit of height sanctuary for fighters in the missile engagement zone. (“GADABOUT 25” means the upper limit of the height sanctuary is 25,000 feet (ft); “GADABOUT 16–24” means the height sanctuary is between 16,000 and 24,000 ft."
183,"GATE","Fly as quickly as possible, using after_x0002_burner or maximum power"
184,"GENIE","EW] Emitter is employing electronic protection measures"
185,"GENESIS","** [S/S] Threat ballistic missile launch point"
186,"GIMBAL","* [A/A] Sensor target is approaching azimuth or elevation tracking limits."
187,"GINGERBREAD","Voice imitative deception is suspected on this net"
188,"GOALIE","** [A/S] A back-up guidance capable platform appointed to guide a weapon to the target if the primary platform’s guidance system fails after weapons release."
189,"GOALIE, GOALIE, GOALIE [CALL SIGN","** [A/S] Directive call from the primary weapon guidance platform for the appointed GOALIE to assume weapon guidance responsibilities. Only add CALL SIGN modifier if required"
190,"GOGGLE/DEGOGGLE","** [A/A] [A/S] Directive call for aircrew to put on or take off night vision_x0002_goggles"
191,"GOGGLES [on/off]","** [A/A] [A/S] An informative call that night-vision goggles are on/off."
192,"GOODWILL","Boundary of an active FRIENDLY missile engagement zone."
193,"GOPHER","* [A/A] [S/A] A BOGEY that has not conformed to safe passage routing, airspeed, or altitude procedures. Will only be used when safe passage or minimum risk routing procedures are part of an ID matrix."
194,"GORILLA","[A/A] [AIR-MAR] Large force of indeterminate numbers and formation of unknown or non-friendly aircraft"
195,"GRANDSLAM","All HOSTILE CONTACT(S) of a designated track (or against which a mission was tasked) are destroyed."
196,"GREEN","1. [A/A] [A/S] [AIR-MAR] Direction of no known enemy threats requires [direction] modifier.                                                                            2. [A/A] [A/S] [AIR-MAR] Aircraft is at a weapon and/or fuel state that allows continued execution of the mission"
197,"GREYHOUND","FRIENDLY ground attack cruise missile (e.g., Tomahawk land attack missile)."
198,"GRIDIRON","[EW] Jamming signal appears on my precise position indicator scope or jamming signal prevents determination of range and bearing _____% of time"
199,"GROUP(S)","1. [A/A] Any number of air CONTACT(S) within 3 nautical miles in azimuth and range of each other.                                                   2. ** [AIR-MAR] Any number of surface CONTACTs within 1 nautical miles of each other."
200,"GUNS","[A/A] [A/S] Aircraft gun is being employed."
201,"HANDSHAKE","1. Link 16 Air Control network participation group (NPG) initiation between air control unit and controlled aircraft. 2. [A/S] Video data link established."
202,"HARD [left, right, direction]","High-G-force, energy sustaining turn in the indicated direction (default is a 180-degree turn)."
203,"HEADBUTT [direction","** [A/A] Directive term to fighters or interceptors to immediately divert a track of interest clear of a restricted or prohibited area."
204,"HEAVY","A/A] [AIR-MAR] A GROUP known to contain three or more CONTACTs."
205,"HIGH","[A/A] [S/A] CONTACT is greater than 40,000 ft MSL."
206,"HIT(S)","1. Momentary radar return(s).                                                                                                                                                                                                2. (altitude) [A/A] Indicates approximate altitude (e.g., GROUP BULLSEYE 360/10, HITS 15 thousand).                                                                 3. [A/S] Weapons had desired effects on the intended target"
207,"HOLD DOWN","Key transmitter for direction-finding steer."
208,"HOLD FIRE","* An emergency fire control order to stop firing on a designated target, to include destruction of missiles in flight."
209,"HOLDING HANDS","* [A/A] Aircraft in visual formation."
210,"HOLLOW","1. Any data link message not received. 2. * [A/S] Lost video data link."
211,"EXPECT HOLLOW [","** [A/S] A condition will likely exist that limits video data link reception (e.g., maneuvers, terrain, etc.). Pass expected time of hollow in minutes"
212,"HOLSTER","A/A] Directive call to cancel shoot communications or shoot priorities."
213,"HOME PLATE","Home airfield or ship."
214,"HOMING","* Friends returning for recovery."
215,"HOOK","1. (direction) [A/A] Perform an in-place, 180-degree turn.                                                                                                                                                                                2. (track # or descriptor) Data link directive call to cue sensors to described point (e.g., point of interest, SAM, MARKPOINT, track number, etc.)"
216,"HOOTER","[EW] FRIENDLY jammer."
217,"HOSTILE","A contact identified as enemy upon which clearance to fire is authorized IAW theater rules of engagement."
218,"HOT","1. [A/A] Initiate or initiating a turn in the combat air patrol toward the anticipated threats.                                                                                  2. Defined area is expected to receive fire (enemy or FRIENDLY).                                                                                                                                                   3. * Ordnance employment intended or completed.                                                                                                                                                          4. CONTACT aspect stabilized at 160– 180 degrees angle from tail or 0–20 degrees angle from nose. 5. [A/A] Intercept geometry will result in passing in front of the target."
219,"HOTDOG [color]","** FRIENDLY aircraft is approaching or is at a specified standoff distance. (Color may indicate additional standoff distance). Follow briefed procedures."
220,"HOTEL FOX","High Frequency radio"
221,"HOUNDDOG","** [A/A] [A/S] [AIR-MAR] Call made by an aircraft indicating aircraft is in a position to employ weapons. Used in response to COVER"
222,"HUSH","[SO] [EW] Execute emission control IAW emission control policy."
223,"HUSKY","[A/A] Active radar missile is at high pulse repetition frequency active range."
224,"ID","1. [A/A] [AIR-MAR] Directive call to identify the target or track.                                                                                                                                              2. (type) [A/A] ID is accomplished, followed by type."
225,"IDLE","Surface vehicles and/or vessels are stationary."
226,"IN [direction]","1. [A/A] Turning toward a known threat. Opposite of OUT.                                                                                                                                         2. [A/S] Entering terminal phase of an air-to-ground attack. Opposite of OFF."
227,"INDEX","** Unique number assigned to a tactical data link J12.6 message to differentiate between more than one POINT or MARKPOINT (e.g., “SCREWTOP 23, POINT INDEX 2 is disabled vehicle”)"
228,"INDIA","Mode IV IFF."
229,"IN PLACE [direction]","[A/A] Perform indicated maneuver simultaneously."
230,"INSPECT","** [A/A] Establish visual contact with cockpit of track of interest, attempt communications, and report all observations of activity."
231,"INTERROGATE","[A/A] [S/S] [AIR-MAR] [MAR-MAR] Interrogate the designated contact of the IFF mode indicated."
232,"IN THE DARK","CONTACT is in known radar blind zone."
233,"IN THE BLIND","A radio term indicating an agency/aircraft/unit is transmitting without having established two way communications with desired participants. May be utilized if experiencing radio jamming"
234,"INTRUDER","An individual, unit, or weapon system in or near an operational or exercise area, which represents the threat of intelligence gathering or disruptive activity."
235,"INVESTIGATE","1. [A/S] Verify specified element(s) of ROE, positive identification (PID), collateral damage estimation (CDE), and/or coordination of forces on the referenced target or track.                                                                                                                                         2. ** [AIR-MAR] Verify specified element(s) of ROE, PID, clear field of fire, and/or coordination of forces on the referenced target or track."
236,"JACKAL","Surveillance NPG of Link 16 tactical information data link (TADIL-J)."
237,"JAM","[EW] Directive call to initiate jamming"
238,"JAMMER","[EW] Non-friendly jammer"
239,"JELLO","Inverse synthetic aperture radar (SAR)."
240,"JINK","* [A/A] [A/S] Perform an unpredictable maneuver to negate a tracking solution"
241,"JOINED","[A/A] Two or more radar returns have come together"
242,"JOKER","Fuel state above BINGO at which separation or BUGOUT or event termination should begin."
243,"JONESING","[A/S] Informative call requiring additional time to analyze current SAR map"
244,"JUDY","* [A/A] Aircrew has taken control of the intercept and only requires situation awareness information; controller will minimize radio transmissions"
245,"KICK [appropriate frequency]","* Change radio or data link to a specified net or frequency, typically used for an unplanned change in frequency (e.g., CHATTERMARK). Also see PUSH."
246,"KILL","* [A/A] [S/A] In training, shooters are TALLY at assessed missile timeout."
247,"KNOCK-IT-OFF","[A/A] [A/S] Cease all air combat maneuvers, attacks, activities, or exercises (training use only)"
248,"KOMODO","* [SO] A known EW target operating at a migrated frequency. The term does not imply direction or authority to engage."
249,"LADDER","[A/A] [AIR-MAR] Picture label with three or more GROUPs on the same azimuth but separated by range.                                               GROUP names should be LEAD                                                                                                                                                                                                  GROUP, SECOND GROUP, THIRD                                                                                                                                                                                                   GROUP, and TRAIL GROUP or LEAD                                                                                                                                                                                                            GROUP, MIDDLE GROUP, and TRAIL GROUP"
250,"LAME DUCK","* An aircraft in a minor state of emergency"
251,"LASER ON","A/S] [S/S] Directive call to start lasing"
252,"LASING","A/S] [S/S] The speaker is firing the laser in response to LASER ON."
253,"LAST","[A/A] C2 term that provides the last contact altitude from a high fidelity source"
254,"LEAD-TRAIL","[A/A] [A/S] [AIR-MAR] Inner GROUP formation of two CONTACTS separated in range"
255,"LEAKER","* [A/A] [S/A] [AIR-MAR] Airborne threat has passed through a defensive layer. Call should include amplifying information."
256,"LEAN","[A/A] [A/S] Offset package or element in specified direction maintaining briefed altitude, airspeed, and formation."
257,"LEANING ON","** [A/A] A GROUP shows bias to one element over another"
258,"LEVEL","1. Contact is co-altitude (interflight call). 2.** Briefed altitude has been reached."
259," LIGHT","** [S/A] Mission status.                                                                                                                                                                                                                  ** (RED): Prebriefed threats have not been mitigated for further mission execution. Aircraft should evaluate their position relative to the threat and take appropriate actions.                                                                                                                                                                   ** (YELLOW): Designated assets can continue to operate relative to the prebriefed threat while other assets should continue to hold.                                                                                                                                                                                                                                                                ** (GREEN): All aircraft are cleared to execute prebriefed missions"
260,"LIGHTBULB","Turn all position lights to bright."
261,"LINE ABREAST","[A/A] [AIR-MAR] Inner GROUP formation of two or more contacts separated in azimuth."
262,"LINER","Fly at speed giving maximum cruising range."
263,"LOCKED","1. (with GROUP label) [A/A] Radar lock-on; SORT is not assumed.                                                                                                                                     2. (with position) [A/A] Radar lock-on; correct targeting is not assumed."
264,"LOOKING","[A/S] [AIR-MAR] Aircrew does not have the ground or surface object, reference point, or target in sight (opposite of CONTACT)."
265,"LOOK-THROUGH","* [SO] To disengage to ensure parameters are still current."
266,"LOST LOCK","* [A/A] Loss of host radar or IR lock-on."
267,"LOW","* [A/A] A CONTACT less than 5,000 ft above ground level"
268,"LOWDOWN","LOWDOWN"
269,"MAGNUM [system, location]","A/S] [EW] Launch of FRIENDLY anti_x0002_radiation missile"
270,"MANEUVER [azimuth, range, altitude]","A/A] [AIR-MAR] Specified GROUP is maneuvering in azimuth, range, and/or altitude."
271,"MAP","** [A/S] Directive call to initiate SAR mapping event on a specified point of interest."
272,"MAP COMPLETE","A/S] Informative call that A/S radar completed mapping and waiting for the map to process / display. JONESING assumed."
273,"MAPPING","[A/S] Multifunction radar in an air-to_x0002_ground mod"
274,"MARK","1. Record the location of a point or object of interest.                                                                                                                                                               2. ** [A/S] [S/S] Spotting round, normally white phosphorus or illumination on the deck to indicate targets to aircraft, ground troops, or fire support.                                                                                                                                                                                                                       3. ** [A/A] Challenge and response term for requested aircraft to report contrails"
275,"MARKPOINT","Data link nondesignated geographic point of interes"
276,"MARSHAL","Establish(ed) at a specific point, typically used to posture forces in preparation for an offensive operation"
277,"MATCH","* [A/S] [S/S] [AIR-MAR] Overlay requested target designator type (e.g., MATCH SPARKLE, MATCH LASER)"
278,"MELD","1. * [A/A] Bias radar coverage IAW briefed parameters.                                                                                                                                                      2. * [A/A] Shift radar responsibilities from sanitizing to gaining situational awareness on the assigned GROUP.                                                  3. [A/S] [AIR-MAR] Directive call to another aircraft to match sensor location"
279,"MERGE(","[A/A] FRIENDLIES and targets have arrived in the visual arena."
280,"METALLICA","1. [A/A] Informative call that contact cannot be targeted due to EA.                                                                                                                                    2. Radar indication of jamming of A/A beyond visual range (BVR) employment"
281,"MICKEY","HAVE QUICK time-of-day signal"
282,"MIDNIGHT","[A/A] C2 sensors are unavailable due to degradation. Opposite of SUNRISE."
283,"MILLER TIME","[A/S] Completion of A/S ordnance delivery. Generally used by the last striker in conjunction with a precoordinated egress plan"
284,"MINIMIZE","The radio frequency is becoming saturated, degraded, or jammed and briefer transmissions must follow."
285,"MIRROR BEAM","** [A/A] [AIR-MAR] GROUPs in azimuth that maneuver to a beam opposite each other"
286,"MONITOR(ING) [GROUP or object]","1. * [A/A] [A/S] Maintain(ing) sensor awareness on specified GROUP or object. Implies that tactically significant changes will be communicated.                                                                                                                                                                                                                                       2. * [AIR-MAR] Maintain contact or targeting information on a maritime surface contact."
287,"MOON BEAM","After-the-fact advisory report to indicate a spillover or reflection of laser energy that occurred on a specific target"
288,"MOSQUITO","* [A/A] [S/A] Slow speed and low radar cross section target"
289,"MOTHER","[AIR-MAR] Parent ship."
290,"MUD ","1. [A/S] [EW] Radar warning receiver ground threat displayed with no launch indication.                                                                                                2. * [A/S] [EW] Radar warning receiver indication of surface threat in track mode. See DIRT and SINGER"
291,"MUDDY","[SO] Denial on all channels of multiplexed signal."
292,"MUSIC","* [A/A] Radar electronic deceptive jamming."
293,"NAILS ","1. [A/A] Radar warning receiver indication of airborne interceptor (AI) radar in search.                                                                                                             2. * [A/S] 2.75-inch flechette rockets"
294,"NAKED","[A/A] No radar warning receiver indications."
295,"NEGATE","** [S/A] FRIENDLY surface-to-air weapons platform is unable to engage specified target (e.g., EAGLES NEGATE). Opposite of AFFIRM."
296,"NEGATIVE LASER","A/S] Laser energy has not been acquired."
297,"NEGLECT","S/S] Used by ship to indicate the last SALVO was fired on incorrect data."
298,"NEW PICTURE","[A/A] [A/S] [AIR-MAR] Used by controller or aircrew when tactical PICTURE has changed. Supersedes all previous calls and reestablishes PICTURE for all players"
299,"NEUTRAL","** A positively identified aircraft, ship, or ground position whose characteristics, behavior, origin, or nationality indicate it is neither supporting nor opposing FRIENDLY forces"
300,"NO FACTOR","A/A] [A/S] [S/A] Stated [object] is not a threat."
301,"NO JOY","1.* [A/A] [A/S] [S/A] [SO] Aircrew does not have visual contact with the TARGET or BANDIT. Opposite of TALLY.                                            2.* Indicates that radio communications could not be established with the distant end on a specified radio net."
302,"NOTCH(ING)","* [A/A] [A/S] [S/A] Aircraft is in a defensive position. Maneuver(ing) with reference to a threat."
303,"OCCUPIED","[A/S] Ground equipment present at tasked target location. Opposite of VACANT."
304,"OFF","[A/A] [A/S] Attack is terminated, and maneuvering to the indicated direction."
305,"OFFSET","Maneuver in a specified direction with reference to the target"
306,"OPENING","[A/A] Increasing separation."
307,"OUT","A/A] Turn or turning to a cold aspect relative to a known threat."
308,"OUTLAW","[A/A] CONTACT has met point of origin criteria for ROE"
309,"PACKAGE ","[A/A] Geographically isolated collection of GROUPs outside of briefed range."
310,"PACMAN ","Fighters have found the end of the threat formation and are converting; given in bearing and range from the BULLSEYE"
311,"PADLOCKED ","Aircrew cannot take eyes off an aircraft, ground target, or surface position without risk of losing TALLY or VISUAL."
312,"PAINT(S)","[A/A] [AIR-MAR] [MAR-MAR] An interrogated GROUP or radar contact that is responding with any of the specified IFF, or selective ID feature modes and correct codes established for the ID criteria."
313,"PANCAKE","Land or request to land (reason may be specified; e.g., PANCAKE AMMO, PANCAKE FUEL)."
314,"PARROT","IFF selective ID feature transponder."
315,"PASSING","[A/A] Two GROUPs initially separated in range, decrease range separation and are passing each other."
316,"PEDRO","Rescue helicopter."
317,"PEPPER","[AIR-MAR] Directive call for an aircraft to strafe 1,000 ft ahead of the bow of a vessel."
318,"PHANTOM"," [EW] A position track derived from the triangulation of SPIKES originating from HOSTILE jamming."
319,"PICTURE","[A/A] [A/S] [AIR-MAR] A request to provide information pertinent to the mission in a digital bullseye format unless briefed otherwise."
320,"PIG(S)","[A/S] FRIENDLY glide weapon(s) (e.g., joint stand-off weapon). See (weapon) AWAY."
321,"PIGEONS [bearing, range]","Bearing in magnetic and range in nautical miles to HOME PLATE."
322,"PILLOW","[EW] Pulse repetition interval."
323,"PINBALL","[A/A] [A/S] Laser guided munition has separated from its launching vehicle and captured laser designator."
324,"PINCE","[A/A] Threat maneuvering for a bracket attack."
325,"PING","[A/S] Precision guided munition has established communication link with supporting vehicle."
326,"PINNACLE","[EW] An emission believed to originate from a platform assumed to be FRIENDLY."
327,"PINPOINT","[AIR-MAR] Request that the maritime air controller provide target coordinates via latitude and longitude."
328,"PITBULL","[A/A] Air intercept missile (AIM)-120 is at MPRF active range."
329,"PITCH/PITCHBACK [left/right]","[A/A] Execute a nose-high heading reversal."
330,"PLAYMATE","[A/A] Cooperating aircraft."
331,"PLAYTIME","Amount of time aircraft can remain on station, given in hours plus minutes (e.g., ONE PLUS THIRTY equals 1 hour and 30 minutes)."
332,"[freq] POGO [freq]","Switch to communication channel number preceding POGO. If unable to establish communications, switch to channel number following POGO. If no channel number follows POGO, return to this channel."
333,"POINT","Data link sensor point or track of interest, such as the J12.6 SID 10 data link message. ** CONTACT POINT: Indicates the aircraft has acquired the track of interest TRACK NUMBER on their data link. ** DROP POINT: Data link target sorting message is no longer needed or desired. ** HOLD POINT: Maintain weapons quality track data. ** SHOOT POINT: Directive call to shoot datalink targeting message does not imply targeting responsibility. ** TARGET POINT: Target the referenced data link TARGET sorting message. (Example: “IRON FOUR, TARGET IRON ONE’S POINT”)."
334,"POND","[EW] Carry out jamming plan indicated or IAW previous orders."
335,"POP","1. [A/S] Starting climb for A/S attack. 2. [A/A] Max performance climb out of low-altitude structure."
336,"POPCORN","Combat search and rescue aircraft departing the LZ. Usually followed by a number of recovered personnel, (e.g., ""STING 1, POPCORN PLUS 2"")."
337,"POPEYE","1. Flying in clouds or an area of reduced visibility. 2. Reduced EO/IR visibility due to atmospherics."
338,"POP-UP","1. * [A/A] GROUP that has suddenly appeared between the MELD and threat range. 2. ** [S/A] Criteria used as a selfdefense method, within the ROE, to protect FRIENDLY air defense elements from HOSTILE aircraft."
339,"POSIT","Request for FRIENDLY position; response in terms of a geographic landmark or from a common reference point."
340,"POST ATTACK [direction, directive]","Desired direction or directives after completion of intercept or engagement"
341,"POST HOLE","[A/A] Rapid descending spiral."
342,"[type] POSTURE","[A/S] Communicates sensor posture type (offensive, defensive, or neutral) by the JTAC to assets. Does not imply the FRIENDLY ground forces’ tactical situation."
343,"PRESS","1. [A/A] Requested action is approved and mutual support will be maintained, assumes VISUAL. 2. [A/S] Requested action is approved and mutual support will be maintained."
344,"PRINT [type]","[A/A] Valid noncooperative target recognition reply."
345,"PULSE","Illuminate(ing) a position with flashing IR energy."
346,"PUMP","[A/A] A briefed maneuver to minimize closure on the threat or geographical boundary with the intent to reengage."
347,"PUPPIES","[EW] Emission control plan is modified as follows____."
348,"PURE","[A/A] Pure pursuit is being used or directive to go pure pursuit."
349,"PUSH [channel]","Switch to designated frequency; no acknowledgment required."
350,"PUSHING","[A/A] Departing designated point."
351,"QUAIL","Enemy air- or surface-launched cruise missile."
352,"RACKET","[EW] Intercepted electronic emission which has been assigned to a number of the track block."
353,"RANGE","[A/A] [AIR-MAR] A PICTURE label describing two GROUPs separated in distance along the same line of bearing. GROUP names will be LEAD GROUP or TRAIL GROUP."
354,"RAYGUN ","1. [A/A] Radar lock-on to unknown aircraft. 2. [A/A] A request for a BUDDY SPIKE reply from FRIENDLY aircraft meeting these parameters."
355,"RECYCLE [system]","Directive call for aircrew to turn IFF or selective ID feature or specified system off and on."
356,"RED","* [A/A] [A/S] [AIR-MAR] Aircraft is at weapon and/or fuel state that is insufficient to continue execution of the mission."
357,"REDWOOD","[S/A] An informative or directive call to initiate (HOT) or cease (COLD) the integration of FRIENDLY surface-to-air fires into a fighter or joint engagement zone without further coordination. Must include modifier HOT or COLD."
358,"REFERENCE","Assume stated direction or heading."
359,"REFINE","[EW] Request for better location accuracy on an emitter of interest."
360,"REMINGTON","[A/A] [A/S] No ordnance remaining except gun or self-protect ammo."
361,"RENEGADE","A civil platform that is assessed as operating in such a manner as to raise suspicion that it might be used as a weapon."
362,"RENT","[EW] Report of characteristics of an intercepted signal."
363,"REPEAT","1. ** [S/S] (during adjustment) Fire again using the same method and volume of fire. 2. ** [S/S] (during fire for effect) Fire the same number of rounds using the same method and volume of fire."
364,"REPORTED [information]","Information provided is derived from an off-board source."
365,"RESET","[A/A] [S/A] [SO] Proceed to a prebriefed position or area of operations."
366,"RE-STAKE","[A/S] Drive a new STAKE at the target centroid reported with direction of travel and elevation. Initiated by aircrew."
367,"RESUME","[A/A] Resume last formation, route, or mission ordered."
368,"RETROGRADE (ING)","* Withdraw(ing) while executing defensive procedures in response to a threat."
369,"RIDER","[A/A] [S/A] A BOGEY that is complying with airspace control order or safe passage procedures"
370,"RIFLE [number, time]","[A/S] [AIR-MAR] FRIENDLY A/S missile launch. Option to add follow on modifiers for number of munitions and/or time of flight."
371,"RIPPED CHUTE","[S/S] Sent by spotter to indicate tha the illumination round parachute was ripped or separated on deployment."
372,"RIPPLE","[A/S] [S/A] [AIR-MAR] Two or more munitions will be released or fired in close succession. Typically associated with number and type of weapon with release interval. (Normally discussed during the pre-strike game plan between aircraft and/or between aircraft and ground tactical controller)."
373,"ROBBER","[AIR-MAR] A surface vessel that is identified as an enemy IAW theater ID criteria. The term does not necessarily imply clearance to engage."
374,"ROGER","Radio transmission received; does not indicate compliance or reaction."
375,"ROLEX [+/- time]","[A/A] [A/S] Timeline adjustment in minutes for entire mission; always referenced from original preplanned mission execution time. “Plus” means later; “minus” means earlier."
376,"ROPE","[S/A] Circling an IR pointer around an aircraft to help the aircraft identify the FRIENDLY ground position."
377,"ROTATOR","[EW] Moving target indicator returns that signifies a high probability of a rotating antenna."
378,"ROVER","Platform is ROVER video downlink capable."
379,"RUMBA","1. ** [A/A] Radar has detected jamming or mutual interference but has not resolved the type. 2. * Own ship maneuvering for ranging."
380,"SADDLED","[A/A] Wingman or element has returned to briefed formation position."
381,"SAM [direction]","Visual acquisition of a SAM in flight or a SAM launch; should include position."
382,"SAME","Aircrew has the identical information as was just stated."
383,"SANDWICHED","[A/A] Aircraft or element is between opposing aircraft or elements"
384,"SATURATED","[S/A] Weapons system radar has exhausted all resources. Ability to detect new tracks is minimal"
385,"SAUNTER","Fly at best endurance."
386,"SCAN","[A/S] Search sector indicated and report any CONTACTS"
387,"SCRAM [direction]","1. FRIENDLY asset is in immediate danger. Withdraw clear in the direction indicated for survival. No further mission support from the FRIENDLY asset is expected. 2. ** [A/A] [S/A] [EW] Cease the intercept and take immediate evasive action. Implies that the target aircraft is being engaged by SAMs or other air defense fighters. 3. ** [A/A] Directive term to instruct air traffic control to clear all civilian or nonengagement aircraft outside a specific area. TERMINATE SCRAM  will resume normal operations."
388,"SCRAMBLE","[A/A] [S/A] [S/S] Takeoff as quickly as possible."
389,"SCRUB","[A/A] [S/A] Moving target indicator return that signifies a low slow airborne target."
390,"SEPARATE (ING)","[A/A] Leaving a specific engagement; may or may not reenter."
391,"SEPARATION","1. [A/A] Request for separation between two GROUPS. Response will include the follow-on GROUPS separation, altitude, and fill-ins. 2. ** [A/A] (Range/Azimuth) SEPARATION: Indicates relationship between GROUPS and separation if GROUPS and relationships in a label were not defined previously or if relationship between groups has changed."
392,"SEAD","[A/S] Directive call to execute prebriefed suppression of enemy air defenses (SEAD) contracts."
393,"SET","1. Set (or have set) a particular speed. May be indicated in knots or Mach. 2. No longer slewing sensor and awaiting further updates. 3. ** Overwatch aircraft is in position."
394,"SHACKLE","[A/A] One weave; a single crossing of flight paths; maneuver to adjust or regain formation parameters."
395,"SHADOW","Follow indicated TARGET"
396,"SHIFT [direction, track number]","* [A/S] [AIR-MAR] Shift laser, IR, radar, device energy, or aim point"
397,"SHOULDER","[MAR-MAR] An inherently offensive tactic used to physically force a vessel to alter course or stop. The goal of shouldering is to gently nudge an uncooperative vessel in a new direction to prevent it from traveling on its intended course, and to comply with orders to stop or change course. Skinto- skin contact is anticipated."
398,"SHOOT","[A/A] Directive communication to employ weapons on a contact, does not invoke targeting."
399,"SHOOT POINT","[A/A] Directive call to SHOOT data link target sorting message, does not imply targeting responsibility."
400,"SHOOTER","Aircraft or unit designated to employ ordnance."
401,"SHOPPING","[A/S] An aircraft request to forward air controller, JTAC, or C2 platform for a target or task."
402,"SHOT","[S/S] Round(s) has(ve) been fired."
403,"SHOTGUN","[A/A] [A/S] [S/A] Pre-briefed weapons state."
404,"SHREW","Persistent interference from an undetermined source that is degrading situational awareness on the current radio channel."
405,"[system] SICK","System indicated is degraded or partially operative. Cancelled by SWEET."
406,"SIDE KICK","[A/A] A directive call to initiate manned unmanned teaming if the airto- air relationship and communications link has not been established. Modifiers include 1 to 4 to describe the level of interoperability."
407,"[system] SILENT","1. (time) [A/A] System will be unavailable for time indicated. 2. Data link is, or should be placed, in receive only. 3. * [EW] Broadcast station is not transmitting. May also be used as an order and must be followed by a frequency or station designator. If possible, it should be followed by an estimated time of return to the air."
408,"SINGER (type, direction)","[EW] Radar warning receiver indication of SAM launch. See MUD and DIRT."
409,"SINGLE","* [A/A] [AIR-MAR] One GROUP,CONTACT, etc."
410,"SKATE","[A/A] Informative or directive call to execute launch and leave tactics at a pre-briefed range. Modifiers can include LONG and SHORT"
411,"SKINNY","Current survivor coordinates."
412,"SKIP IT","Directive call for a specific platform to not engage the indicated track. Usually followed with further directions"
413,"SKOSH","[A/A] Aircraft is out of or unable to employ active radar missiles"
414,"SKUNK","[A/S] [AIR-MAR] A maritime or ground CONTACT that has not yet been identified."
415,"SLANT","References number of people or objects noted at specified location (men/women/children). For example, in response to a request for SLANT on a target building: “SLANT 4/6/4.”"
416,"SLAPSHOT [type, bearing]","[A/S] [EW] Immediately employ a best available anti-radiation missile against a specified threat at the specified bearing."
417,"SLEDGEHAMMER","[AIR-MAR] Request from a surface vessel for immediate air support. Once SLEDGEHAMMER is called by the defended surface vessel, air assets will be re-rolled from other missions to  identify threat intentions and employ if necessary in an armed reconnaissance/air interdiction/strike coordination and reconnaissance role."
418,"SLEW","Move sensor in direction indicated (usually accompanied with a unit of measure). For example, “SLEW left one half screen.”"
419,"SLICE/SLICEBACK [left/right]","[A/A] Perform a high-G descending turn in the stated direction, usually 180-degree turn."
420,"SLIDE","1. [A/A] [EW] [SO] Continue(ing) present mission while flowing from station in response to perceived threat, implies intent to RESET. 2. ** [A/S] Directive or descriptive term to laterally reposition helicopter."
421,"SLIP(PING)","[A/A] [A/S] Time delay to individual flight or element event."
422,"SLOPE","[EW] Pulse repetition frequency"
423,"SLOW","[A/A] [S/A] Target with ground speed of 100–250 knots."
424,"SMACK","[A/S] [S/S] [AIR-MAR] Clearance to employ ordnance or fires on surface target coordinates. Link-16 track, ROE, PID, CDE, clear field of fire, coordination of forces, and commander’s guidance requirements on the referenced target or track have been satisfied. Not to be utilized in a CAS engagement."
425,"SMASH [ON/OFF]","Turn on/off anti-collision lights."
426,"SMOKE","[A/S] Smoke marker used to mark a position."
427,"SNAKE","[A/S] Oscillate an IR pointer in a figure eight about a target."
428,"SNAP","1. [A/A] Fighter request for immediate BRAA call (with appropriate fill-ins) to the GROUP described. Indicates fighter intent to intercept or join. 2. (heading) Urgent directive call to turn to a heading."
429,"SNAPLOCK [BRAA]","[A/A] Informative call indicating fighter has obtained a radar contact inside briefed threat range with BEAM, FLANK, or HOT aspect and is unable to complete sanitization responsibilities implying ownership. A SNAPLOCK call should be responded to with BRAA"
430,"SNEAKER","[EW] An intelligence-gathering vessel."
431,"SNIFF [type]","[A/A] [EW] Passive sensor indication of a radar emitter."
432,"SNIPER [type, location (range, bearing)]","[A/S] [EW] Aircraft to employ a range known anti-radiation missile against a specified threat at the specified location."
433,"SNOOZE","[A/A] [EW] [SO] Initiate(ing) emission control procedures. Opposite of ALARM."
434,"SORT","1. [A/A] Assignment of responsibility within a GROUP; criteria can be met visually, electronically (i.e., radar), or both. 2. ** [A/S] Assignment of specific targeting responsibilities. SORTED [A/A] [A/S] [AIR-MAR] Sort"
435,"SORTED","[A/A] [A/S] [AIR-MAR] Sort responsibility within a GROUP has been met."
436,"SOUR","1. (mode/type) [A/A] [S/A] Invalid or no response to an administrative IFF or selective ID feature check. 2. (link name) (e.g., ""TIMBER SOUR"") Potential problems with net entry; initiates pre-mission link troubleshooting. (Opposite of SWEET)"
437,"SPADES","[A/A] [S/A] [AIR-MAR] An interrogated GROUP or radar contact that lacks all of the air tasking order (or equivalent) IFF or selective ID feature modes and codes required for the ID criteria."
438,"SPARKLE","1. [A/S] [S/S] Mark or marking target by IR pointer. 2. Platform is IR pointer capable."
439,"SPIDER","Cooperative engagement capability network."
440,"SPIKE(D) [direction]","[A/A] [S/A] Radar warning receiver indication of an AI threat in track or launch."
441,"SPIN","[A/A] Execute(ing) a timing or spacing maneuver."
442,"SPITTER [direction]","[A/A] An aircraft that has departed fromthe engagement or is departing theengaged fighter’s targeting responsibility."
443,"SPLASH(ED)","1. * [A/A] [S/A] Target destroyed. 2. [A/S] Weapons impact. 3. * [S/A] [S/S] Informative call to observer or spotter 5 seconds prior to estimated time of impact"
444,"SPLIT","Flight member is leaving formation to pursue a separate attack; VISUAL may not be maintained"
445,"SPOOFER","[A/A] [EW] An entity employing electronic or tactical deception measures."
446,"SPOOFING","[S/A] Voice deception is being employed."
447,"SPOT","1. [A/S] Acquisition of the reflected laser energy. 2. Platform is laser spot tracker capable."
448,"SPUR RIDE","[A/S] Attempt helicopter buddy or self-extraction by having downed crew attach themselves to the outside of the helicopter."
449,"SQUAWK [mode, code]","[A/A] Operate IFF/selective ID feature as indicated or IFF or selective ID feature is operating as indicated."
450,"SQUAWKING [mode number]","[A/A] [S/A] BOGEY is responding with an IFF or selective ID feature mode or code other than that prescribed by the air tasking order or ID criteria."
451,"SQUIRTER","** [A/S] [S/S] A ground-borne object of interest departing the objective area."
452,"STACK","1. [A/A] Two or more CONTACTS within GROUP criteria with an altitude separation in relation to each other (typically above >=10,000 foot separation). 2. Request all airborne players and their assigned altitude block in the specified area."
453,"STAKE","1. * [A/S] Reference point for A/S targeting operations. 2. * A full-motion video system mark has been set and is used as a frame of reference."
454,"STALKER","[SO] A BANDIT with counterspace capability that has significantly refined orbital parameters required to engage a high value asset."
455,"STANDOFF [role]","[A/A] [A/S] [EW] Directive call to execute stated role (SEAD/SUPPORT/TARGET) and remain outside of a pre-briefed coordination range from known SAM locations."
456,"STARE [laser code, reference point]","Cue the laser spot search or tracker function on the specified laser code in relation to the specified reference point. Reference point may include the following: steerpoint, geographic reference (GEOREF), bearing and range, or data link point."
457,"STATUS [phase]","1. [A/A] Request for an individual’s tactical situation. 2. ** [A/A] [A/S] Directive call requesting amplifying information on current task or aircraft state. e.g., respond with WORKING, JONESING, VOID, CONTACT, CAPTURE, TARGETED, LOCKED, CLEAN, ENGAGED, FUEL (RED/YELLOW/GREEN), WEAPON (RED/YELLOW/GREEN) ready or plain English."
458,"STEADY","[A/S] Stop oscillation of IR pointer"
459,"STERN","[A/A] Requests for, or directive to, intercept using STERN geometry."
460,"STIFF ARM","[A/A] Fighter adjusts intercept flow to avoid package or threat group."
461,"STINGER","1. [A/A] [AIR-MAR] Three-ship inner GROUP formation with two lead CONTACTs line abreast and the SINGLE in trail. 2. * [S/A] An IR man portable air defense system (MANPADS)."
462,"STRADDLE","[S/S] A spotting of STRADDLE is made for a multigun salvo when some rounds fall short and some fall beyond the target. The spotter announces STRADDLE followed by a correction to place the mean point of impact (MPI) on the target. The term is normally used during a ship adjust or a massed fire mission."
463,"STRANGER","[A/A] Unidentified traffic that is not a participant in the action in progress."
464,"STRANGLE [system]","[A/A] [S/A] Turn off system indicated (e.g., STRANGLE PARROT)."
465,"STRENGTH","[A/A] [A/S] [S/A] [AIR-MAR] Numerical strength of a TRACK or GROUP"
466,"STRIPPED","[A/A] Aircraft is out of prebriefed formation."
467,"STROBE(S) [bearing]","[A/A] Radar indication(s) of noise jamming."
468,"STROKE","[A/S] [AIR-MAR] Directive call for third party track production source to provide best possible continuous track data for weapon targeting purposes"
469,"SUMMIT","[S/S] The highest point of a shell’s trajectory (also known as MAX ORD). Sent as standard during an air observed mission and if requested by a ground spotter. Units of measurement are specified. A new SUMMIT is sent if it changes by more than 300 ft for an air observer or 100 meters for a ground observer."
470,"SUNRISE","[A/A] C2 sensors are available. Opposite of MIDNIGHT."
471,"SUNSHINE","[A/S] Illuminating target with artificial illumination."
472,"SUPPORT","Directive call to execute pre-briefed support contracts."
473,"SUPPORTING","[A/A] Speaking unit or element is assuming a supporting role, is in a position to influence the outcome, and assumes deconfliction responsibility."
474,"SUSPECT","[SO] An identity applied to a track that is potentially hostile because of its characteristics, behavior, origin, or nationality."
475,"SWEET","1. (mode, type) [A/A] [S/A] Valid response to an administrative IFF or selective ID feature check request. 2. (link name) (e.g., TIMBER SWEET) Confirms receipt of data link information. 3. Equipment indicated is operating efficiently. (Opposite of SOUR; cancels SICK, BENT)."
476,"SWEPT [subcardinal direction]","[A/A] [AIR-MAR] Inner GROUP formation with the trailer displaced approximately 45 degrees behind the leader."
477,"SWITCH [item]","1. ** Switch the setting on the referenced item. 2. ** (CAMERA) Switch full-motion video to EO or IR. 3. (POLARITY) Switch IR polarity to black hot or white hot"
478,"SWITCHED","[A/A] Attacker is changing from one aircraft to another."
479,"T-BIRD(S)","[S/A] US Navy terminal ballistic missile defense missile"
480,"Multi-Service Brevity Codes (Cont’d)TAG [system, location]","1. [EW] Response to an emitter ambiguity resolution request (COLOR). 2. ** Informative call to a helicopter flight lead that the last aircraft of a flight is airborne."
481,"TALON(S)","** [S/A] US Army Terminal High Altitude Area Defense (THAAD) missile."
482,"TALLY","Sighting of a target, non-friendly aircraft, or enemy position. Opposite of NO JOY."
483,"TARGET","1. [A/A] [A/S] [S/A] [AIR-MAR] Assignment of targeting responsibilities. 2. [A/S] [S/S] [AIR-MAR] ROE, PID, coordination of forces, and commander’s guidance requirements on the referenced target or track have been satisfied. Target or track correlation, CDE, and clear field of fire must be accomplished prior to employing ordnance or fires."
484,"TARGETABLE","[A/S] Advisory call to inform package that the ability to TARGET has been met IAW prebriefed contracts; must be briefed by package commander (or outlined in SPINS/standards)."
485,"TARGETED","[A/A] Fighter has acquired assigned GROUP and has assumed responsibility for it."
486,"TECHNICAL","Improvised fighting vehicle (usually civilian vehicles modified with mounted weapons)."
487,"TEN SECONDS","[A/S] Standby for (weapon) ON call in approximately 10 seconds.(e.g, LASER ON, TORCH ON, etc.)"
488,"TERMINATE","[A/A] In training, cease local engagement without affecting the overall exercise."
489,"TESLA","Mode V IFF."
490,"THREAT [direction]","[A/A] Untargeted HOSTILE or BANDIT or BOGEY is within a briefed range of a FRIENDLY aircraft."
491,"THROTTLES","[A/A] Reminder to set throttles appropriately considering the IR threat and desired energy state."
492,"THUMP","[AIR-MAR] Aircraft will conduct low altitude, high speed pass over or abeam a designated vessel. Do not cross the bow. Supersonic airspeed is authorized as long as damage is not anticipated."
493,"TIED","[A/A] Positive radar contact with element or aircraft."
494,"TIGER","[A/A] Enough fuel and ordnance to accept a commitment"
495,"TIMBER","[E/W] Link 16 Network"
496,"TIMBER CHANNEL","Stacked net within a Link 16 Network"
497,"TIMECHECK","Check or change IFF code."
498,"TIMEOUT","1. [A/A] [S/A] Shooter assesses valid BVR shot parameters have been met and missile has reached termination. 2. [A/S] Munition impact is obscured and impact cannot be confirmed and time of flight has elapsed"
499,"TOGGLE [system]","Execute the briefed setting change on specified system"
500,"TORCH","1. Friendly high-energy laser (HEL) weapon fire. 2. Platform is HEL weapon capable. 3. Request for HEL fires on a specified target (e.g., JTAC Alpha request TORCH). TORCH ON/OFF: Friendly HEL weapon has started/ceased firing."
501,"TOY","[EW] high speed anti-radiation missile (HARM) targeting system (HTS) pod."
502,"TRACK [direction]","1. ** [A/A] GROUP or CONTACTS direction of flight or movement. 2. ** [A/S] [S/S] Directive call assigning responsibility toan asset for maintaining sensor or visual observation of a defined object or area. 3. ** [A/S] Rotary wing directive call to establish race track (e.g., “Taz 31, TRACK left). 4. ** [A/S] [AIR-MAR] Information call stating direction of vehicle or CONTACT in motion (e.g. TALLY TECHNICAL TRACK Northwest)."
503,"TRACKING","[EW] [S/A] IR lock-on."
504,"[system] TRACKING","** Enemy air defense system is maintaining situational awareness on FRIENDLY."
505,"TRACK NUMBER [number]","Data link information file."
506,"TRASHED","[A/A] [S/A] FRIENDLY missile has been defeated"
507,"TRAVEL","[EW] Change radar frequency."
508,"TRESPASS [system, position]","[EW] The addressed flight is entering the threat SAM ring of a specific (system) at the stated location. [SO] A specified FRIENDLY spacecraft is entering into a collection area and/or weapons engagement zone of a known or suspected threat object."
509,"TROJAN","Deployment of air launch decoy."
510,"TUMBLEWEED","I have limited situational awareness, (i.e., NO JOY, BLIND) and request information"
511,"UNABLE","Cannot comply as requested or directed."
512,"UNIFORM","Ultra-high frequency (UHF)/amplitude modulation (AM) radio."
513,"VACANT","[A/S] Ground equipment not present at specific or tasked target location. Opposite of OCCUPIED."
514,"VAMPIRE","[S/A] [AIR-MAR] Hostile anti-ship missile."
515,"VANISHED","** [A/A] [S/A] Special case of FADED defined as a GROUP or ARM or CONTACT with no available sensor data and is: (1) Not in a known sensor blind zone (terrain masking or Doppler blind zone) AND (2) Correlated to a shot by FRIENDLY forces."
516,"VECTOR [heading]","Alter heading to indicated."
517,"VERY FAST","[A/A] [S/A] Target speed greater than 900 knots/1.5 mach."
518,"VERY SLOW","[A/A] [S/A] Target speed less than 100 knots."
519,"VIC","[A/A] [AIR-MAR] Picture label with three GROUPS with the single closest in range and two GROUPS, AZIMUTH split, in trail.GROUP names should be LEAD GROUP and NORTH TRAIL GROUP and SOUTH TRAIL GROUP or EAST TRAIL GROUP and WEST TRAIL GROUP"
520,"VICTOR","VHF/AM radio."
521,"VISUAL","Sighting of a FRIENDLY aircraft or ground position or ship. Opposite of BLIND."
522,"WIDE","[A/A] [AIR-MAR] Separation between the farthest GROUPS in azimuth in a relative formation of three or more GROUPS, used to describe a WALL, VIC, CHAMPAGNE, or BOX."
523,"WILCO","Will comply with received instructions"
524,"WINCHESTER","No ordnance remaining"
525,"WOOD","Situation awareness data link network."
526,"WOOFER","[EW] Off board active radar decoy"
527,"WORDS","Directive or interrogative call regarding further information or directives pertinent to the mission."
528,"WORK","1. Directive call to maneuver in stated cardinal. 2. [EW] Directive call to command geolocation."
529,"WORKING","1. (system with location) [EW] Platform gathering electronic EOB on a designated emitter. 2. [A/A] Platform executing electronic ID on a specific aircraft or GROUP to obtain ID necessary for BVR employment."
530,"YARDSTICK","[A/A] Use A/A tactical air navigation for ranging."
531,"YELLOW","[A/A] [A/S] [AIR-MAR] Aircraft is at a weapon and/or fuel status that is approaching a level insufficient to continue execution of the mission"
532,"ZAP","Request for data link information."
533,"ZIPLIP","Limit transmissions to critical information only."
534,"ZOOM (in/out)","[EW] Increase or decrease the sensor’s focal length."